{
  "data": {
    "Q4 2017": {
      "Electronics": 2.49,
      "Computer Services": 9.559999999999997,
      "Industrial Products": 2.62,
      "Chemicals&Petroleum": 16.74,
      "Automotive and A&D": 8.43
    },
    "Q1 2017": {
      "Electronics": 0.04,
      "Computer Services": 0.3,
      "Chemicals&Petroleum": 0,
      "Automotive and A&D": 0.03
    },
    "Q2 2017": {
      "Computer Services": 1.9500000000000006,
      "Industrial Products": 3.78,
      "Automotive and A&D": 2.829999999999999,
      "Chemicals&Petroleum": 2.41,
      "Electronics": 0.9500000000000001
    },
    "Q3 2017": {
      "Computer Services": 12.739999999999997,
      "Chemicals&Petroleum": 15.209999999999999,
      "Automotive and A&D": 19.559999999999995,
      "Electronics": 11.2,
      "Industrial Products": 4.89
    }
  },
  "industries": ["Automotive and A&D", "Chemicals&Petroleum", "Computer Services", "Electronics", "Industrial Products"],
  "qtrs": ["Q1 2017", "Q2 2017", "Q3 2017", "Q4 2017"]
}
}
